Article Title,Comment
 Article Title: مصطفى: النهضة البركانية كانت أفضل,القليل جدا من تركيز في شوط الثاني كان بإمكان نهضة بركان لا تضيع اللقب حتى جمهور زملكاوي إنصدم من تراجع مستوى زمالك وتألق نهضة بركان في شوط الثانيلكن البركانيين لم يكونوا في المستوى وضيع لقب بسهولة
 Article Title: مصطفى: النهضة البركانية كانت أفضل,النهضة البركانية كانت أفضل في لقاء الذهاب و خاصةً في الشوط الاول ، كانت ممكن ان تفوز بثلاثية أو رباعية لولا إهدار الفرص ، اما في لقاء الاياب النهضة كانت شبه غائبة وزاد كمل عليها المخرج و الحكم و غرفة الفار بعدم اعادة اللقطة اللتي كانت من الممكن ان تعطي ضربة جزاء.
 Article Title: مصطفى: النهضة البركانية كانت أفضل,ما نراه من هذا الفوز باللقب الا بالخبث الكروي وليس بجدارة واستحقاق كما تدعون مازلنا امام عقليات ماكرة تسرق الفوز وليست تستحقه
 Article Title: مصطفى: النهضة البركانية كانت أفضل,أفضل بدون ناجعة هجوم عقيم هجمات لا جدوى لها ولو لعبوا تسعين دقيقة أخرى ما كانوا لبسجلوا
 Article Title: مصطفى: النهضة البركانية كانت أفضل,الالقاب هي التي تبقى وليس طريقة اللعب
 Article Title: مصطفى: النهضة البركانية كانت أفضل,الأفضل هو الفريق لي تيسجل الأهداف و تيفوز بالبطولات.
 Article Title: مصطفى: النهضة البركانية كانت أفضل,لو مات لولو ، لولولوا ولهرولوا .لو سجلوا ثلاثية في بركان ، لفازوا بالكأس .لو كان المدرب ، غير التونسي الفاشل ، لما ضيعوا اللقب .لو لو لو ….
" Article Title: ""مبتورو الأطراف"" يتوهجون في مصر",الإعاقة ليست عيبا لأنها لا تعيق الطموح والعزيمة .المشكل في أولئك الذين يزعمون أنهم سليمون من الإعاقة البدنية وتطغى عليهم اعاقات كثيرة لا محدودة إعاقة الفساد إعاقة نهب المال العام وهم مسؤولون أمام الله إعاقة الظلم إعاقة الاستبداد إعاقة الاحتكار ولكنهم لا يشعرون.
" Article Title: ""مبتورو الأطراف"" يتوهجون في مصر",هادا خلق الله واروني من بعد خلقه مبارك اهم بهادا الفوز وتمنوا لهم المزيد في جميع المحافل وفي اي ميدان لقد شرفتمونا بلدكم واعطيتم اخين ما عندكم حفظكم الله من كل شر حسود ودود وبجب علبكم مساندتهم بالأخص المسؤولين عن الرياضة وفي مقدمته السيد المحترم فوزي لقجع لكي بكون لهم دور كبير في هاده المنافسات وشكرا للجميع
" Article Title: ""مبتورو الأطراف"" يتوهجون في مصر",ألف ألف ألف مبروك أتمنى لكم المزيد من تألق وتوهج في العالم
" Article Title: ""مبتورو الأطراف"" يتوهجون في مصر",كل التقدير والتشجيع والاحترام لمنتخبنا الوطني المغربي لمبتوري الأطراف لكرة القدم.أنتم فعلا أبطال.وفقكم الله.
 Article Title: “الكاف” تدين أحداث لقاء الزمالك وبركان,هذا حال الاتحادات الإفريقية سواء رياضية واقتصادية وثقافية وسياسية الكل يغرد خارج السرب
 Article Title: “الكاف” تدين أحداث لقاء الزمالك وبركان,ذاقوا من الكأس نفسها…البكاء وراء الميت خسارة
 Article Title: “الكاف” تدين أحداث لقاء الزمالك وبركان,ورغم كل هذا مشجعوا نهضة بركان أو المغاربة عموما لم يتكلموا عن الكولسة والمحسسة والهلوسة كما يدعي جار السوء، تقبلنا الهزيمة بكل روح رياضية، شكرا هيسبريس
 Article Title: “الكاف” تدين أحداث لقاء الزمالك وبركان,طريقة تنظيم نهائي من قيمة كأس الاتحاد ، بالإضافة إلى الإخراج التلفزي الذي كان مريبا يجعل كرة القدم الأفريقية بعيدة كل البعد عن الاحتراف .ملاحظة : يجب إلغاء قاعدة الهدف خارج الميدان كما فعل الاتحاد الأوروبي .
 Article Title: “الكاف” تدين أحداث لقاء الزمالك وبركان,انتهت المباراة. و الاستفادة من الأخطاء.
 Article Title: “الكاف” تدين أحداث لقاء الزمالك وبركان,همجية المصريين معروفة من زمان، لمّا يصلوا للنهائي يريدون الفوز به بكل الطرق البلطجية من اللاعبين مخرجين منظمين حتى يقولون عليهم ابطال، لو كانت الفرق المصرية و المنتخب المصرية في اوروبا لن يفوزوا و لا بلقب كل مبارياتهم سوف يلعبون منقوصي العدد، ناهيك عن الغرامات و الايقافات
 Article Title: “الكاف” تدين أحداث لقاء الزمالك وبركان,الزمالك تتوج باللقب و الفريق البرتقالي يتوج بادنة الكاف للزمالك ،نقولها بصراحة بركان لم تكن في المستوى المطلوب للفوز باللقب لعبت بتحفظ كبير وافتقدت للشراسة رغم أنها لم يكن لديها ماتخسره أعتقد أن الفلسفة الكروية في البطولة الوطنية التي تعتمد على تسجيل هدف و الركون للدفاع يجب اعادة النظر فيها
 Article Title: “الكاف” تدين أحداث لقاء الزمالك وبركان,الحمدالله الدي جاء بالحق يعني الكأس مغشوشة وفيها الم وصباح وشتم وحسن الاستقبال غير منظم وحتى استقبال البعث الرياضية البركاني يأسرون من هادت الاستقبال حرام هادا الشيء من مسؤولين الزمالك عيب على فريق عريق وفريق محنا الصف التاني عشر والنهضة البركانية الصف الثالث فرق كبير بننا وبينهم أقول الله ياخد فيكم الحق وحتى الحكم ضيع لينا ضربة جزاء واضحة كالنهار
 Article Title: “الكاف” تدين أحداث لقاء الزمالك وبركان,الكاف تدين الأحداث اللارياضية على أرضية الزمالك هههههههه واعرة هادي وانتما نضوا من نعاس راه كلشي ولا باين وفي واضح النهار العز البطولات العالمية أفريقيا مزالت تعيش على التاريخ وتحياتي لكم جميعا
 Article Title: “الكاف” تدين أحداث لقاء الزمالك وبركان,نقولها بكل روح رياضية أن الفريق المصري لم يصرق المقابلة و شاهدنا فريق واحد في أرضية الميدان أما بالنسبة التصرفات الغير الأخلاقية التي شاهدناها في الميدان و الغير رياضية أضن أن الفريق البركانيتسبب في الفوضة و أتمنى حض موفق لفريق بركان و يكفيه فخرا أنه لعب بالخريطة كاملة للمغرب
 Article Title: “الكاف” تدين أحداث لقاء الزمالك وبركان,أغلب بلاغات الكاف تندد بالفوضى و تصدر عقوبات و توبخ لاعبين و فرق و جامعات، و… من الأعمال الغير أخلاقية بالنسبة للكرة. و قليلا مانسمع مثل هذه البلاغات في فيدراليات القارات الأخرى، هل هذا يعني أن أمور إفريقيا كلها همجية في كل الميادين؟ أظن ذلك و ذلك يبرر مدى استباحة الدول الكبرى لمجال قارتنا.
 Article Title: “الكاف” تدين أحداث لقاء الزمالك وبركان,يجب النظر في تغيير الطريقة المتبعة في النهائيات مثل هذه. الافضل ان تقام مقابلة النهائي في مقابلة واحدة وببلدٱخر محايد لان الكرة الافريقية لازالت تعاني من التخلف لذلك تراهم ينتقدون السيد فوزي لقجع الذي يحارب من اجل تنقية الكاف من المخلوضين وقطع الطريق على اللذين يحبون الفوضى لاجل الفوز بشتى الطرق.
 Article Title: “الكاف” تدين أحداث لقاء الزمالك وبركان,والجارة الشرقية لازالت تنتظر قرار الطاس وإلغاء كل النتائج و البداية من الصفر .. كما جاء على لسان الخبراء نسبة إلى بوخروبة…
 Article Title: “الكاف” تدين أحداث لقاء الزمالك وبركان,المغرب اصبح كبير جدا على افريقيا ، اكيد سوف نجد الكثير من الصعوبات مع بعض البلدان التى لا تصبو الى التطور. يجب على المغرب ان يجيد التعامل مع هذه البلدان و منها من هي بالجوار
 Article Title: “الكاف” تدين أحداث لقاء الزمالك وبركان,انتصار بطعم التعادل يجب اعادة النضر في القوانين متل اوروبا و اعتبار الاهداف نفسها حتى خارج الديار
 Article Title: “الكاف” تدين أحداث لقاء الزمالك وبركان,پإختصار شديد كل ما بني على باطل فهو باطل و المصريين يتقنون الخبث الكروي و يتفننون في البكاء البلاغات زيد عليهم التونسيين و الجزائريين و للأسف عداو الليبيين المهم دارو الشوهة و الشوهة الكبرى هي يوم السبت غادي يتلاقاو عمالقة ما سبق ذكره في البكاء و النواح و الخبث الكروي الأهلي و الترجي لبلوس مع لبلوس.
 Article Title: “الكاف” تدين أحداث لقاء الزمالك وبركان,الكراغلة هما لي غايربحوا الكأس إلى نجحت ليهم القضية لي رفعوها لطاس، أو غاتعاود الماتش بين الكرغولي الحمار، اغيور ولد اغيور مع الزمالك ،في أكتوبر 2025 ،
 Article Title: “الكاف” تدين أحداث لقاء الزمالك وبركان,هاذا ما قلته من قبل في النهائي الاول في بركان قلت بان الهدف الذي سجله الزمالك في بركان وقلص به النتيجة حتى وان انهزم بهدفين لواحد لا بعني ان بركان قد تجاوز وانتصر على الزمالك لان الهدف في بركان هو من أعطى القوة للزمالك وفي النهائي الأخير في مصر وعلى ميدان الزمالك لا يمكن لبركان ان تخرج منتصرة هناك كما رأينا سجلوا الهدف مبكرا ودافعوا بعقلية وقوة ودوحوا النتيجة الى الفوز وانتهى الكلام سواء كانت هناك ضربة جزاء واضحة لبركان ام لا لا يهم ولم يتكلم عنها بعد ذالك احدا
 Article Title: “الكاف” تدين أحداث لقاء الزمالك وبركان,اصبحنا نبكوا و نشتكوا مثلنا مثل الهوكيينلا ادري لماذا فزنا فالأخير.الجزائر و مصر و حتى تونس يضحكون علينا
 Article Title: “الكاف” تدين أحداث لقاء الزمالك وبركان,مافهمتش علاش قانون احتساب نقطتان للهدف المسجل في ملعب الخصم لازال ساريا بإفريقيا، كنت أضن البطولة الأوروبية إعتمدته في مقابلة برشولونة ضد باريس سان جيرمان لأني لم أشاهد المبارة الأخيرة فأخبرني صديق بأنهم لم يعودوا يعتمدوه وفعلا ذلك ماحدث في مباراة ريال مدريد ولم يحتسبون الهدف بنقطتان. ولهذا يجب على الكاف بدورها أن تضع حدا لهذه الخدعة أو الغش التهديفي حيث فريق يسجل هدفان بعد معاناة شاقه ويباغثه الخصم بهدف ثم تحتسب له نقطتان ويصبح متعادلا من دون عناء، على الأقل إن لم تسطيع الكاف إلغاء هذا القانون المجحف، عليها أن تحدد ملعبا محايدا لإجراء النهائي بمباراة واحدة من دون إياب ولا ذهاب ومن يسجل يحتسب له هدف وفي نفس الوقت سيتجنبون أي محاباة في الإخراج والتحكيم وشغب الجماهير والإعتداء على الأطقم الرياضية للخصوم.
 Article Title: “الكاف” تدين أحداث لقاء الزمالك وبركان,اودي خاص المبارة النهائية تلعب في ملعب محايد كما هو جاري به العمل في اوروبا و انتهى الامر..
 Article Title: “الكاف” تدين أحداث لقاء الزمالك وبركان,افتخر لكوني انتمي الى هدا الوطن ،الله الوطن الملك .شكراً هسبريس.
 Article Title: “الكاف” تدين أحداث لقاء الزمالك وبركان,خوفي على بلادنا المغرب من بلطجة بعض العرب والافارفة عند تنظيم كأس العالم وخصوصا الجيران
 Article Title: إحصائيات اللاعب حريمات تثير الانتباه,حريمات مكانه بالمنتخب بلا عاطفة فهو أحسن من بعض اللاعبين يجب أن يأخذ الفرصة على هذا المجهود
 Article Title: إحصائيات اللاعب حريمات تثير الانتباه,عليه ان يلتحق بالكعبي فاليونان ليحقق العالميةالمواهب المغربية تصنع المجد في الضروف النفسية الجيدة
 Article Title: إحصائيات اللاعب حريمات تثير الانتباه,ننتظر تألقه رفقة فريقه وباقي الفرق الوطنية بالمنافسة الافريقة الموسم المقبل إن شاء الله تعالى باعتبارها المحك الحقيقي.
 Article Title: إحصائيات اللاعب حريمات تثير الانتباه,صراحة الحقيقة خاصها تݣتل حريمات لاعب كبير… في العمر
 Article Title: إحصائيات اللاعب حريمات تثير الانتباه,الصراحة بلاصتو مضمونة مع المنتخب الأولمبي! آلو السكيتيوي
 Article Title: إحصائيات اللاعب حريمات تثير الانتباه,البطولة الوطنية مثلها مثل دوري الاحياء ودوريات رمضان …..
 Article Title: إحصائيات اللاعب حريمات تثير الانتباه,حريمات له مشكل شخصي وخلاف مع وليد منذ أن كان هذا الأخير مدربا في البطولة الوطنية. لذلك، لن يلعب أبدا مع المنتخب الوطني ما دام وليد هو الناخب الوطني.
" Article Title: غوميز: الزمالك يستحق ""كأس الكاف""",من شاهد المباراة من الأول و الطريقة التي لعب بها النهضة البركانية يمكن ان يطرح كثير من الاسئلة وان المباراة كانت محسومة لفريق الزمالك أي أعطيني نعطيك !زد عن ذلك الحكم و تقنية الفارشي مفهوم ، كيف تريد لفريق يلعب فوق ارضه بحضور جمهور عريض يخسر مثل هذه المقابلة و لو انه سيخسر لكن الكفة تغلب لصالحهالمهم بدون الدخول في الحيثيات المقابلة كانت محسومة …
" Article Title: غوميز: الزمالك يستحق ""كأس الكاف""",الزمالك تستحق الكأس بالتحايل وضياع الوقت والكدب هادي ليست كرة القدم هادي سينما ومهزلة لا من الاعبين او حتى الحارس الزمالك الخطأ في النهضة البركانية التي ضيعت الانتصار في بركان انا الوم الحارس والدفاع ذهابا و ايابا يلعبون دون تخطيط والمدرب ليس له خطة تساعد بها اللاعبين
" Article Title: غوميز: الزمالك يستحق ""كأس الكاف""",نهضة بركان لم تكن في المستوى المطلوب تنقصها النجاعة والقتالية والتركيز فلاداعي للمدرب ان بعلق فشله وفشل اللاعبين في تحقيق الفوز على الحكم. لو سجلوا هدفا حقيقيا فهل سيجرء الحكم على إلغائه طبعا لا. لذا لا يجب النظر الى الوراء بل الى المستقبل.
" Article Title: غوميز: الزمالك يستحق ""كأس الكاف""",الزمالك رغم انه ليس بذلك الفريق القوي يستحق اللقب لأن فريق بركان ضعيف جدا ليس هناك فرص لالتسجيل ولا حماس ولا شيء ولو تلعب المبارة 90دقيقة أخرى ما كان ليسجل بركان انخفض مستوى بركان كثيرا مقارنة بالمواسم الماضية
" Article Title: غوميز: الزمالك يستحق ""كأس الكاف""",الزمالك لايستحق الكأس انه لم يلعب كرة القدم مارسى الضغط على اللاعبين من ناحية تضييع الوقت وتشتيت الكرات يمينا وشمالا وكان ضياع الوقت لان في صالحهم المصريون معروفون بالخشونة وخاصتا في ميدانهم والسيد المدرب النهضة البركانية يبتسم ألا ما كان من قبل هناك ويعرف الكرة المصرية
" Article Title: غوميز: الزمالك يستحق ""كأس الكاف""",اودي بصحتكم، التحكيم اخر حاجة نقدر ناقشها.إلى الملتقى ..
" Article Title: غوميز: الزمالك يستحق ""كأس الكاف""",لاتخافون راه ممكن يتعاود النهائي على حسب أخبار شي ناس على اليمين
" Article Title: غوميز: الزمالك يستحق ""كأس الكاف""",يجب دائما إنهاء المقابلة في الديار وتوقع كل شيء في الذهاب حيث أن الأندية المغربية دائما عبر التاريخ تعاني من التحيز التحكيمي في النهائيات
" Article Title: غوميز: الزمالك يستحق ""كأس الكاف""",الزمالك في الشوط ثاني كان ضعيف جدا ولولا تركيز لاعبين بركان كنا سنفوز عليهم بي 1-3لكن للأسف لاعبين بركان لم يكونوا في المستوى
" Article Title: غوميز: الزمالك يستحق ""كأس الكاف""",الواجب على مدرب الزمالك أن يشكر اولا حكم المقابلة ومخرج المقابلة التلفزيوني لانهم هم من منحوا الفوز للزمالك لان الحكم رءى جيدا ضربة جزاء وتغاضى عنها ومخرج المقابلة لم يقدم اللقطات للفار ولا للمشاهدين ولم يعيد اللقطة التي توضح ضربة جزاء واضحة وكذلك لم يعيد الاخطاء التي ترتكب في حق لاعبي بركان ويعيد فقط القطات التي ترتكب على لاعبي الزمالك وهذه ليست احترافية الاخراج وانما عشواءيته كما ان الحكم كان منحازا للزمالك وخاصة في ارتكاب الاخطاء وهناك ورقة حمراء لم بعطيها للاعب الزمالك لما عتر تحدهم على ساق لاعب بركان.
" Article Title: غوميز: الزمالك يستحق ""كأس الكاف""",السلام عليكم لم ارغب ان اعلق على المباراة وكواليس ها بصراحة نحن المغاربة يجب علينا تغيير كل تعامل مع هؤلاء الفرق من مصر والجزاءر وتونس وكذلك ليبيا لانهم وبكل صراحة لا يستحقون تقديم قارورة ماء لانهم يعاملون معاملة جد سيءة جد منحطة هذا من جهة منجهة اخرى امس المصريين عاملوا بركان بكل وقاحة وحرمان الفريق من ضربة جزاء بتواطؤ من المخرج وغرفة الفار خلاصة القولة الكاف لازال الفساد يعشش داخلها هذا لا ينسينا ضعف البطولة المغربية
 Article Title: دياز يواصل  صناعة الأهداف مع الريال,دياز إذا أراد أن يلعب أساسيا و يطور من مستواه فعليه بفريق ارسنال مكانه مضمون هناك و حتى طريقة لعبه الهجومية توافق فلسفة ارتيتا و سيساعد الجانرز كثيرا العام المقبل لمحاولة إحراز البريميير ليغ .. إذا بقي في الريال فلن يلعب أساسيا العام المقبل خصوصا ان تشكيلة الريال تعج بالمهاجمين من الافضل له ان يفكر في الرجوع للدوري الانجليزي رغم صعوبته لكن سيتطور كثيرا هناك !
 Article Title: دياز يواصل  صناعة الأهداف مع الريال,انه لاعب مهاري من طينة نادرة في عالم كرة القدم يجب أن تعطاه قيمته الحقيقية بين صفوف تشكيل المنتخب باسناد له دور محوري في الوسط و الهجوم
 Article Title: دياز يواصل  صناعة الأهداف مع الريال,صحيح يجب عليه ان يجد فريق اخر ليكون لاعب أساسيمع ان مكانه موجود في ريال مدريد لكن صعب.
 Article Title: وكالات الأسفار تضع آخر اللمسات على استعدادات موسم الحج في المغرب,شحال وصل ثمن الحج هاد العام 6 ولا 7 المليونحنا أغلى دولة إسلامية من حيث اثمنة أداء مناسك الحج ماعرفتش علاش ….نكون لاباس علينا مثلا
" Article Title: ""فوربس"" تختار برقاد ضمن القادة الأكثر تأثيرا في صناعة السياحة",أمنيتي هي وجود مراحيض عمومية لمدة 24 ساعة في الشواطئ
" Article Title: ""فوربس"" تختار برقاد ضمن القادة الأكثر تأثيرا في صناعة السياحة",واين تجد الجارة الشرقية من التصنيف في شمال افريقيا في مجال السياحة وما هو سبب تاخرها في هادا التصنيفات الدولية من السياحة مجرد سؤال
 Article Title: السكوري ينوه بأداء التكوين المهني,التكوين المهني كاين لكن التشغيل مكاينش ، كائن باك صاحبي وصاني عليك بزاف وهذه هي مشكلتنا في هذه البلاد العزيزة علينا ..
" Article Title: ""رايان إير"" تؤكد تحقيق أرباح قياسية",المعاملة و الأثمنة المناسبة و المعقول و عدم استحمار الزبون هو الاساس .بالصحة و العافية
" Article Title: ""رايان إير"" تؤكد تحقيق أرباح قياسية",كان من الاجدر منح هذه الشركة ترخيصا وخطوطا جوية في اتجاه الاقاليم الجنوبية في الصحراء المغربية حتى يتمكن اهل الشمال واهل الوسط المملكة من زيارة مدن هذه الاقاليم العزيزة علينا
" Article Title: ""رايان إير"" تؤكد تحقيق أرباح قياسية",فهم تصطى كيف يعقل التذكرة بخمسين يورو للمغرب و يحققون الأرباح مقابل تذكرة باضعاف مضاعفة عند بني جلدتنا لارام التي تطلب المساعدة من الدولة لتجنب الإفلاس
" Article Title: ""رايان إير"" تؤكد تحقيق أرباح قياسية",وفي نفس السياق شركة لارام المغربية التي تبيع تذاكرها بعشرة أضعاف او اكثر، على سبيل المثال تذكرة جنيف الدار البيضاء ب 700 فرنك سويسري او ايضا تذكرة نواكشوط الدار البيضاء ب 6000 درهم، مع ذلك لارام ليس لديها ارباح.
" Article Title: ""رايان إير"" تؤكد تحقيق أرباح قياسية",الفرق شاسع بين ريان اير ولارام في الاثمنة لأن اثمنة تذاكر لارام ليست في المستطاع حتى للغني فما بالك بالفقير اما ريان اير أثمن في المستوى بل حتى بعض الرحلات رخيصة جدا جدا بثمن 300 درهم ذهاب واياب .عندما يكون العامل نزيه تكون حساباته مضبوطة ولا تحتاج الشركة لمساعدة الدولة ….!
" Article Title: اجتماع تنسيقي ينزل ""تسعيرة البوطا""",الله اعز ايام زمان فاش كان حزب الاستقلال آنذاك حزبا له مبادء في عهد الملك الحسن الثاني رحمه الله،كانت المعيشة و الحياة لها قيمة و معنى وكانت المواد الاساسية متوفرة،اما الآن جاء اخناتوش كلا البلاد هو و تريكتوا او زايدينها بانهم حكومة تسعى لارضاء المواطن،هههه و لكن كما يقال “اذا اولية الامور لغير اهلها فانتظر الساعة”
" Article Title: اجتماع تنسيقي ينزل ""تسعيرة البوطا""",الله يرحم الوالدين لي فهم شي حاجة في هاد الاجتماع عوض ما يتكلمو على الزيادة في البوطة ، تكلمو على توفير الغاز المواطنين عطاكم الله باش ضحكو على شعب
" Article Title: اجتماع تنسيقي ينزل ""تسعيرة البوطا""",البوطة الكبيرة أصبحت ب 53 درهم مكان 40 درهم يعني تزادت 13 درهم
" Article Title: اجتماع تنسيقي ينزل ""تسعيرة البوطا""",خرجوا على البلاد مشات هادا هو قتل المواطن ببطء او بنفس باردة خلاصة
" Article Title: اجتماع تنسيقي ينزل ""تسعيرة البوطا""",يجب أن يتحرك الشعب لوقف هذا الهجوم على قدرته الشرائية المتدهورة أصلا. هل هذه هي الدولة الاجتماعية التي يتبجحون بها.
" Article Title: اجتماع تنسيقي ينزل ""تسعيرة البوطا""",كفى من الضحك على الدقون.حسبنا الله ونعم الوكيل فيكم.و عند ربكم تختصمون. و كفى بالله العلي العظيم شهيدا.
" Article Title: اجتماع تنسيقي ينزل ""تسعيرة البوطا""",سمعا و طاعة سيدنا صندوق النقذ الدولي. نحن ملتزمون معك و مستعدون لفعل أي شيء من أجل إرضائك و تنزيل تعليماتك بما فيها إفقار ما تبقى من الطبقة المتوسطة.نحن مستعدون للقضاء على دخلهم و القطاعات الاجتماعية و إثقال كاهلهم بالضرائب و بإغراقهم في الزيادات في الأسعار. فلتنم مرتاح البال سيدي صندوق النقذ الدولي.اللهم إن هذا لمنكر كبير.
" Article Title: اجتماع تنسيقي ينزل ""تسعيرة البوطا""",عندما كانت هناك أحزاب ونقابات وطنية لم تكن الحكومة تجرىء من الاقتراب من القدرة الشرائية للمواطن المغربي أما الآن فالساحة خالية لهم ليقوموا بما يحلوا لهم خدمة لمصالح شخصية وهذا يعني أن الشعب المغربي أصبح يتيما لا أحد الآن يدافع عنه أخشى على وطني ومستقبله من هؤلاء الموجودون حاليا
" Article Title: اجتماع تنسيقي ينزل ""تسعيرة البوطا""",أتمنى أن تكون الزيادة في أسعار غاز البوتان ب 10 دراهم ، سببا رئيسيا في توقف الطبقات الفقيرة والمتوسطة عن الإنجاب وتفريخ الأطفال لأن سبب أغلب المشاكل التي نعيشها ، من جريمة وبطالة و فساد أخلاقي هو العدد الهائل من الولادات في كل دقيقة .
" Article Title: اجتماع تنسيقي ينزل ""تسعيرة البوطا""",اللهم إن هذا لشيء كله مراوغة ،الذي يهلكنا هو غلاء المعيشة وارتفاع الأسعار، أما المواد فهي متوفرة على كل حال والمواطن احدب ظهره واثقل الغلا كهله، فهل من منقذ….
" Article Title: اجتماع تنسيقي ينزل ""تسعيرة البوطا""",بما ان الحكومة رفعت سعر البوطا بنسبة 20٪ سترتفع اسعار الخضر و الفواكه بإثرها بنسبة 20٪ لأن الفلاحة اصبحت تعتمد على البوطا في الآبارتستاهلوا ما كفس
 Article Title: النقل الجوي يزيد بـ30% في المملكة,لكن رغم ذالك تبقى الاسعار جد مرتفعة بين أمريكا الشمالية و المغرب!اغلى من امريكا لأماكن ابعد من المغرب كتركيامثلا.
 Article Title: النقل الجوي يزيد بـ30% في المملكة,يعني في السنة عدد المسافرين في مجموع مطارات المغرب 30 مليون. لما أرى مطار واحد في دول الغرب يصل عدد المسافرين عبره ضعف أو أكثر من 30 مليون. و أفعل مقارنة بين تكلفة هدا المطار بالغرب و عدد الموظفين و العمال به مع المبلغ الإجمالي لتكلفة جميع المطارات بالمغرب و عدد الموظفين و العمال بهم و النتيجة أن المردودية بمطارات المغرب صفر
 Article Title: صندوق الإيداع والتدبير يسند الاستثمار,استثمار للمنديال ولا زيادة للمتقاعدين مع ارتفاع الأسعار.
 Article Title: صندوق الإيداع والتدبير يسند الاستثمار,كل التمنيات بالتوفيق لإنجاح هذه المبادرة التي ستوفر العديد من مناصب الشغل للشباب المغربي
 Article Title: صندوق الإيداع والتدبير يسند الاستثمار,نتمنى لهاته الشراكة الإستراتيجية التوفيق والنجاح فإن CDG الدراع المالي للدولة و AMDIE الدراع الترويجي للدولة ان تعود بالنفع على الاقتصاد الوطني لخلق الثروة و مناصب الشغل لشبابنا العاطل دوي الكفاءات العالية، المغرب يسير في الإتجاه الصحيح و خاصة في مجال الاستثمار فهذا يثلج الصدور ويعطي الأمل الكبير في المستقبل ويعيد ثقة المستثمرين الأجانب في مؤسسات الدولة فهذا ما يوصي به دوماً صاحب الجلالة حفظه الله،
 Article Title: القضاء ينتصر لزبائن بشأن إغلاق حسابات بنكية واستخلاص مبالغ غير مستحقة,هناك بنوك تسرق من أموال الزبناء بحق وبدون حق.اقتطاعات غير مبررة. اختلاسات .
 Article Title: القضاء ينتصر لزبائن بشأن إغلاق حسابات بنكية واستخلاص مبالغ غير مستحقة,للأسف الشديد لم أكن أعرف ماذا أفعل لأن مؤسسة بنكية كنت أتعامل معهم على أساس نقود الضمان الإجتماعي نصبو علي بتفعيل حسابين لمدة ثلاث أو أربع سنوات وفي الأخير أخذو مني ما تبقا من حسابي وفرضو علي اداء رمزي عبارة عن خمسة دراهم زائد ما أخذو مني بدون وجه حق في مدينة مكناس وللإشارة هذه الشركة الكل يشتكي من تعامل موضفيها وكذلك النصب على من يكون فريسة سهلة لهم ربي ياخذ فيهم الحق وبالمقابل أي واحد أعرفه أحذره من التعامل معهم .
 Article Title: القضاء ينتصر لزبائن بشأن إغلاق حسابات بنكية واستخلاص مبالغ غير مستحقة,هادشي سميتو السرقة بالعيلاني و الواعرة كيبقاو ايبيعو ليك اي حاجا داروها جديدة فالبانكا بطاقات تامينات ويقتاطعو ليك و خا لحساب عندك فيه صفر درهم حتا كيوليو ايسالوك هوما ألف درهم و يحسبو عليق الفوائد التاخير و ها هي ولات خمسة آلاف درهم و فالاخير يبقاو ايهددوك بالمحامي ديالهم
 Article Title: القضاء ينتصر لزبائن بشأن إغلاق حسابات بنكية واستخلاص مبالغ غير مستحقة,لصوص بكل ما للكلمة من معنى.. نقطة الى السطر
 Article Title: القضاء ينتصر لزبائن بشأن إغلاق حسابات بنكية واستخلاص مبالغ غير مستحقة,ومع ذالك يهرعون بالليل والنهار لسحب الكاش حتى تصبح عبدا للبنك يتحكم في امولك وتدفع ثمن الخدمة بالقوة على كل عملية بنكية وهم كن يحدد الثمن ويتحكم في رزقك ولا احد يستطيع الوقوف في وجههم .
 Article Title: القضاء ينتصر لزبائن بشأن إغلاق حسابات بنكية واستخلاص مبالغ غير مستحقة,رغم أنني قفلت حسابي البنكي .وبعد مرور الوقت تراكمت علي 1560 درهم . نعم أديتها للبنك ضلما وعدونا .
 Article Title: القضاء ينتصر لزبائن بشأن إغلاق حسابات بنكية واستخلاص مبالغ غير مستحقة,ليست لدينا مواصفات للعمل بمنطق التحرير أو أساليب العولمة . تناقض صارخ بين الخطاب و الممارسة و ما بالكم عن الإحتكار و تضارب المصالح كتمثبلية في حماة المستهلك و ممثل معين في مجلس . مفارقات غائبة لكن غفلة تابى إلا ان تظهرها . عموما تعليقنا وقع سواء ظهر ام حجب قد صدر.
 Article Title: القضاء ينتصر لزبائن بشأن إغلاق حسابات بنكية واستخلاص مبالغ غير مستحقة,و هل يوما دهبنا الي البنك من أجل الاستفسار؟؟ بالطبع لا ثم لا : حاول بنك اتعامل معه بفرض اقتطاعات التأمين، لكن حينما رفضت ، و بسرعة لم يعد هناك الا مستحقات البنك : لابد من تتبع حالتك البنكية، و الحمد لله الامور الان أصبحت سهلة، الا لمن لا يريد الحساب الرقمي مجاني يعطيك كل ما جد في حسابك ، و حينما ترى خللا الاتصال مباشرة او الدهاب الي البنك و ستجد ادانا صاغية : لابد لنا جميعا ان نتحد في كلما يفيد وطننا :مساعدة الرجال النزهاء، لأن لا أحد لا يخطأ ، و نوقف المتلاعبين عند حدهم، ليس ب الشتم و السب ، ابدا لا : الدخول عند الرئيس، و هناك رئيس فوقه، و لكن انا على يقين ان مشكل التواصل هو من يخلق هذه المشاكل
 Article Title: القضاء ينتصر لزبائن بشأن إغلاق حسابات بنكية واستخلاص مبالغ غير مستحقة,لا اعمم ولكن اغلب الابناك ينهبون الزبائن بدون حقالحساب اذا لم يستعمل من طرف صاحبه لمدة 6 اشهر يجب اغلاقه اطوماتيكيا… ولكنهم يستمرون في زيادة المصاريف علي الزبون بدون حق… لهاذا يجب الاتجاه الى القضاء…والحمد لله العدالة نزيهة وتنتصر للمظلوم…
 Article Title: القضاء ينتصر لزبائن بشأن إغلاق حسابات بنكية واستخلاص مبالغ غير مستحقة,القانون واضح تماما.كل حساب لا يتحرك لمدة معينة يغلق تلقائيا من طرف البنك. والغريب ان بعض الزبائن طلب غلق حسابه وسلمت له نسخة من اشعار الاغلاق وبعد مدة توصل ياشعار يطالب فيه بادء مبلغ يتعلق بمصاريف مسك الحساب. ولولا توفره على اشعار الغلق لكان ملزما بالاداء ظلما ونصبا… يستغرب الانسان لما يجد البنك يستعمل وسائل الاحتيال والمفروض فيه ان يكون امينا.
 Article Title: القضاء ينتصر لزبائن بشأن إغلاق حسابات بنكية واستخلاص مبالغ غير مستحقة,البنك يخدم لك بفلوسك وفلوس عمالنا في الخارج في الدول الافريقية ، وتمويل المشاريع العقارية والصناعية الضخمة باموال الناس، ولا يعطيهم سنتيم من اموالهم التي يستخدمها، و على العكس من ذلك يأخذ عمولة على المعاملات بين الابناك، وعند اي نشاط داخل التطبيق او داخل البنك او باستخدام صناديق السحب، واذا اردت اغلاق حسابك يمنعك من ذلك و يفرض عليك رسوم وفوائد وغرامات، ويعمل بمبدأ j+1 و j-1 لاخد اموال الناس دون الشرح لهم، الخلاصة طالع واكل نازل واكل
 Article Title: القضاء ينتصر لزبائن بشأن إغلاق حسابات بنكية واستخلاص مبالغ غير مستحقة,بعض الابناك وللاسف داءما تلتهم من حسابات الزباءن في حالة وجود رصيد.وفي حالة بدون رصيد تبقى كدلك تحسب زيادات دون توقف ولو ان الزبون لم يعد يستعمل دلك الحساب لمدة لسبب من الاسباب كالتوقف عن العمل او او ….هدا هو السبب في عزوف الناس عن استعمال الابناك وتفضيل الاحتفاظ بنقوده في المنزل او غيره وبالتالي التعامل بالكاش بدل الدفع بالشيك او ما شابه.
 Article Title: القضاء ينتصر لزبائن بشأن إغلاق حسابات بنكية واستخلاص مبالغ غير مستحقة,اناخلصت 3500dh قلولي كنسلوهلك .وكنت سديت لحسب وهما لمسدوهش.دعهم الله
" Article Title: ""المالية"" تدقق في اختلالات استخلاص ""غرامات تأخير"" خلال تدبير صفقات عمومية",النسيج المقاولاتي في قطاع البناء والأشغال العمومية يلزمه اعادة نظر عميقة، المقاول المغربي تنقصه الجدية والأخلاقيات وأحد الأدلة على ذالك هيمنة مقاولات إفرنجية الهوية ظلماً على القطاع، والمرجو تكثيف مثل هته الإجراءات الإفتحاصية لكشف اللوبيات ومحاصرة سماسرة الصفقات العمومية املا في الرقي بممارسات تدبير المشاريع وانبعاث جيل جديد من المقاولين في مستوى التحديات وتطلعات المغاربة ..
" Article Title: ""المالية"" تدقق في اختلالات استخلاص ""غرامات تأخير"" خلال تدبير صفقات عمومية",وشهد شاهد من اهلها.الإدارة تجد الاعذار لمن تريد متى تريد هناك مجموعة من المشاريع التي التعاقد مع مقاولات تم تصنيفها في دراجة اعلى بكثير من تصنيفها الائتماني و تحصل على مناقصات تفوق طاقتها الحقيقة (مع الدليل و البرهان) .تبادر الى دهني مثال مقاول دخل في منازعات مع الإدارة حول مشروع غرفة الصناعة التقليدية وفي نفس السنة شارك في مناقصة همت بناء المسرح البلادي غياثة وحصل على المشروع و كالعادة اعلن افلاسه دون آي مركب نقص … نفس المسؤول الذي يتفاض معه عن الفشل الاول هو من صادق على الصفقة التانية.
" Article Title: ""المالية"" تدقق في اختلالات استخلاص ""غرامات تأخير"" خلال تدبير صفقات عمومية",من بين المشاريع المغشوشة والتي لم تر الوجود هي المحطة الطرقية لمدينة الجديدة. التي أنجزت ميزانية خيالية وعلى أرض صغيرة ليست الأرض المعينة لها في بداية المشروع وهي لا تحترم معايير محطة طرقية. لقد تلاعب رئيس مجلس البلدي لمدينة الجديدة السيد بن ربيعة واعوانه بالأرض والميزانية المحولة للمحطة. والي يومنا هذا لم تفتح لان فيها خلل فضيع.يجب محاسبة كل المسؤولين على المشروع بما فيهم رئيس مجلس البلدي بن ربيعة الذي ينتمي لحزب الاستقلال.
" Article Title: ""المالية"" تدقق في اختلالات استخلاص ""غرامات تأخير"" خلال تدبير صفقات عمومية",لا يمر الاسبوع دون الحديث عن الاختلاسات والنهب والصفقات العمومية المشبوهة . فالى متى سيستمر هذا الوضع المخيف…لابد من وضع حد لهذا النزيف الذي يعرقل اي تقدم للبلاد.
" Article Title: ""المالية"" تدقق في اختلالات استخلاص ""غرامات تأخير"" خلال تدبير صفقات عمومية",جدتي عمرها68 عاما ليس لها معين و ليس لها تغطية اجتماعية و ليس لها تقاعد كانت تتوفر على راميد استغلته لاجراء عملية الجلالة….في شهر يناير و فبراير توصلت بمبلغ500درهم و ابتداء من شهر مارس تم حرمانها من الدعم بداعي ارتفاع المؤشر لانها عبات 20درهم في الهاتف و الان لا راميد لا دعم و لا حول و لا قوة الا بالله….
" Article Title: الزيادات الجديدة في أسعار ""البوطاغاز"" تستنفر مهنيي المقاهي والمطاعم",اصلا المقاهي عاد زادو فالتمن راه دبا حتى المجالاات اللي متتستعملش فيها البوطا زادو فالتمن بحال السيما الحديد الافرشة كلشي تزاد فالتمن والسبب بوطا تانيا شنو مصير الاسر اللي ماخداش الدعم بسبب المؤشر شنو مصري الافااد كبار السن والمعاقين الارامل والاشخاص غير المتزوجين ولا عائلة لهم وفقراء او مرضى او معاقين والمؤشر عندهوم طالع ؟
" Article Title: الزيادات الجديدة في أسعار ""البوطاغاز"" تستنفر مهنيي المقاهي والمطاعم",إلى كان غير القهاوي غير زيدو مع راستكمالبشر بدل من ان يكون نافعا يقضي وقته اليوم كامل في المقهى
" Article Title: الزيادات الجديدة في أسعار ""البوطاغاز"" تستنفر مهنيي المقاهي والمطاعم",إوا فكها يمن وحلها الزيادة في البوطة تخلي وراها العافية شاعلة في جميع المواد الغذائية الله ياخذ فيكم الحقخودو العبرة من الرئيس الايراني ومسؤولين معاه في الحكومة راحو ضحية حادث الطائرة التي سقطت بهمالله ياخذ فيكم الحق
" Article Title: الزيادات الجديدة في أسعار ""البوطاغاز"" تستنفر مهنيي المقاهي والمطاعم",ان تجرأت الحكومة على الزيادة في مادة اساسية وبدون رضى ولا مراعاة للوضع الاجتماعي المتردي، فاين كرامة المواطن في جودة الصحة التعليم القضاء مراقبة المال العام ووو .اظن اننا نسير في اتجاه حاجز مسدود
" Article Title: الزيادات الجديدة في أسعار ""البوطاغاز"" تستنفر مهنيي المقاهي والمطاعم",جا الوقت باش نقولو الاحفاد “في وقتنا كانت القهوة غا 7 دراهم والبوطة غير 40 درهم “
" Article Title: الزيادات الجديدة في أسعار ""البوطاغاز"" تستنفر مهنيي المقاهي والمطاعم",اختيار وقت غير مناسب .كان على حكومة أخنوش أن تتنظر حتى يمر عيد الأضحى المبارك لان الشعب في حيرة من أمره مع الغلاء الفاحش في كل الأسعار.اللهم الطف بنا في ما جرت به المقادير.
" Article Title: الزيادات الجديدة في أسعار ""البوطاغاز"" تستنفر مهنيي المقاهي والمطاعم",واش أصحاب المقاهي والمطاعم والمخابز وكل من يستعمل الغاز يعلمون ثمن الغاز في المانيا فرنسا وأسعار المانيا وفرنسا مقارنات مع المغرب اسعار القهوة في المغرب تقارب أسعارها في أوروبا بل العديد من المقاهي في مراكش طنجة الدارالبيضاء المطارات في المغرب اكثر من ثمن القهوة في باريس وفرانكفورت ثمن القهوة في خمس نجوم فنادق الشانزيليزي والشوارع المرتبطة به 5يورو و3.50 كاملة قهوة في المغرب هناك مقاهي غير مصنفة من 30الى 70درهم
" Article Title: الزيادات الجديدة في أسعار ""البوطاغاز"" تستنفر مهنيي المقاهي والمطاعم",توقيت جد سيء للزيادة…الغلاء هلك المواطنين…اللحم فاق 130 درهم للكيلو…زيت الزيتون 110 درهم…المازوط 13 درهم…كارثة…الشعب يعاني…الطبقة المتوسطة عاجزة عن أكل اللحم…الغلاء في كل شيء وفي أي شيء…هذه الزيادة سيكون لها أثر خطير…
" Article Title: الزيادات الجديدة في أسعار ""البوطاغاز"" تستنفر مهنيي المقاهي والمطاعم",لبوطا توصل حتال 100 درهم و دايزا ، حيت قليل باش كنبدلوها
" Article Title: الزيادات الجديدة في أسعار ""البوطاغاز"" تستنفر مهنيي المقاهي والمطاعم",ياربي السلاما هاهوما قالو وجدنا الغاز في العرائش أوزادونا فالبوطا عاوتاني إلى لقاو البترول إيزيدو لينا فالمازوط الله إلطف بينا
" Article Title: الزيادات الجديدة في أسعار ""البوطاغاز"" تستنفر مهنيي المقاهي والمطاعم",زيادة 10 دراهم في ثمن قنينة غاز يعني زيادة 25 في المائة يعني زيادة في قيمة الخضر و الفواكه نسبتها 25 في المائة يعني من يشتري قفة أسبوعية ب200 درهم سترتفع إلى 250 درهم وهكذااذن هناك تأثير على غالبية القطاعات الغدائيةالمشكلة الكبرى عند نهاية هذه الزيادات يعني حينما يصل ثمن القنينة 100 درهم حينها نسأل الله اللطف
" Article Title: الزيادات الجديدة في أسعار ""البوطاغاز"" تستنفر مهنيي المقاهي والمطاعم",الأفرنة والمقلهي والفنادق والضيعات ومصانع تدويب المعادن خاصة المسروقة كلها تستعمل العشرات من قنينات الغاز المدعم. فاعرف بعض الوحدات الإنتاجية للخبز تستقبل شاحنة قنينات كل أسبوعين والحي كله يستهلك شاحنة في الشهر.
" Article Title: الزيادات الجديدة في أسعار ""البوطاغاز"" تستنفر مهنيي المقاهي والمطاعم",الزيادات الجنونية و الغير المبررة في أجور الموظفين ستكون قاتلة لبقية الشعب المغربيأجور الموظفين العالية و مشكل صندوق المقاصة تقتل الشعب
" Article Title: الزيادات الجديدة في أسعار ""البوطاغاز"" تستنفر مهنيي المقاهي والمطاعم",بوطة ممكن تخرجو منها 1000 كاس قهوة و500 براد،،،،عشرة دراهم مشكيل بالنسبة اليكم؟؟؟؟بغيتو كلشي على ظهر الزيتون ،،ادن زيدو عليه 10 فرنك
" Article Title: الزيادات الجديدة في أسعار ""البوطاغاز"" تستنفر مهنيي المقاهي والمطاعم",ملي عقلت على راسي و أنا تا نسمع المغرب اكتشف الغاز اكتشف البترول و ليوم تأكدت..المغرب اكتشف كيفية سحق الفقراء
" Article Title: الزيادات الجديدة في أسعار ""البوطاغاز"" تستنفر مهنيي المقاهي والمطاعم",زيادة في قنينة الغاز واش 40 درهم أو 12 درهم هاد النهار. البقالة كيبيعوها ب 52 درهم
" Article Title: الزيادات الجديدة في أسعار ""البوطاغاز"" تستنفر مهنيي المقاهي والمطاعم",إن الزيادة في غاز البوتان ستعقبه زيادة في كل ما يستهلكه المواطن..المقاهي المطاعم المخابز..وهلمجرا..سيضيف هؤلاء زيادية في منتوجاتهم بأضعاف مضاعفة..و بالتالي نسمي هذا ( زيد الشحمة فظهر المعلوف ) و المواطن هو الخاسر الأكبر.. أما الحكومة في حديثها عن الدعم و زيادة الأجور..فهي تضحك على المغاربة..و تعتقد أننا بلهاء.. ألا تبا لكم أينما كنتم..فالمواطنة بعيدة عنكم..
" Article Title: الزيادات الجديدة في أسعار ""البوطاغاز"" تستنفر مهنيي المقاهي والمطاعم",هاذو راه حماقو …. في الأصل إنهم غير مرخصين باستعمال الغاز و خاصة البوتان و يجب محاسبتهم عن كل الغاز الذي استعملوه بدون وجه حق
" Article Title: الزيادات الجديدة في أسعار ""البوطاغاز"" تستنفر مهنيي المقاهي والمطاعم",حتى كاسكروط للدرويش تزادت فيه 2 دراهم والسبب قالك البوطة تزادت المصيبة اغلب الفقراء ما شدوش الدع بسبب المؤشر الملعون
" Article Title: الزيادات الجديدة في أسعار ""البوطاغاز"" تستنفر مهنيي المقاهي والمطاعم",حتى بائع الدجاج زاد ثمن ” الترياش” ب 50سنتيم . و لما سألناه قال: ” نمشيت نجيب البوطا ، قالي مول الحانوت زيد 11 درهم “.
" Article Title: الزيادات الجديدة في أسعار ""البوطاغاز"" تستنفر مهنيي المقاهي والمطاعم",من اليوم درت كروا حمرا على الجلوس في المقاهي وقررت أن نوفر المصروفات ديال المقهى التي تبلغ في الشهر أكثر من خمسة مائة درهم لضو والماء والبوطاغاز ونبينا عليه السلام
" Article Title: الزيادات الجديدة في أسعار ""البوطاغاز"" تستنفر مهنيي المقاهي والمطاعم",ادا رجعنا حسبات المقاهي والمطاعيم فسنجد انهم هم المستغلين لدعم المقصة فالمقها تستعمل قنينة اسبوعياالمطاعم ثلاتة قنيناة لكن هل يسالون على الدخل الصفي هل هناك مراقبة الاسعارهل هناك معاملات بالفتورة التي تكشف الاتمنة والتحصل الضرائبي للمقهي والمطاعيم يستغلون المستهلك والدخل الضرائب ويغطون الشمس بالغربال
" Article Title: الزيادات الجديدة في أسعار ""البوطاغاز"" تستنفر مهنيي المقاهي والمطاعم","يا شعب التكلاخ الزيادة مست الشركات والضيعات الفلاحية التي تستفيد من الدعم المخصص اصلا للفقراء المتضررين هو من يستهلك عشرين وتلاثين بوطة في اليوم وليس انت الذي تستعمل بوطة ونصف على اكبر تقدير في الشهر اذا احتسبت هاته الزيادة ستجده 0,30سنتيم في اليوم يعني سيجارة واحدة اذا لم تدخنها تكفيك لسد زيادة ستة أيام الزيادة هي ثمن عشرة سجائر انتم تساعدون الاغنياء مصاصي الدماء من الاستفاذة من أموال الدعم الذي يجب أن تستفيد منها انت يا لمكالخ هل فكر فيكم أصحاب المقاهي والمطاعم والفلاحين الكبار وقالوا انهم يستفيدون من دعم البوطة في الزيادة في منتوجهم"
" Article Title: الزيادات الجديدة في أسعار ""البوطاغاز"" تستنفر مهنيي المقاهي والمطاعم",كان على الحكومة ان تأجل هذه الزيادات التي ألفها المواطن البسيط حتى تتوصل الشغيلة بالزيادة التي وعدت بها الحكومة ابتداءا من شهر يوليوز
" Article Title: الزيادات الجديدة في أسعار ""البوطاغاز"" تستنفر مهنيي المقاهي والمطاعم",نحن المتقاعدون نقول كما قالوا من آمن من بني إسرائيل لفرعون لما هدد حياتهم : فاضي ما انت قاض فإنما تقضى هذه الحيات الدنيا
" Article Title: الزيادات الجديدة في أسعار ""البوطاغاز"" تستنفر مهنيي المقاهي والمطاعم",شكرا للحكومة شكرا الشعب يستحق ما هو اكثر اتمنى إصلاحات اخرى تهن الرفع من الضرائب و من ثمن الناء و الكهرباء و الدقيق….اخرجوا مز اجل غزة
" Article Title: الزيادات الجديدة في أسعار ""البوطاغاز"" تستنفر مهنيي المقاهي والمطاعم",هذه الزيادة ستؤثر كذلك في أسعار الخضر و الفواكه لأنهم يستعملون البوطان في مضخات السقي و الزيادة ستطال أصحاب المخابز و مقاهي الإفطار من مسمن و حرشة… الزيادات أخرى في السر لكن لا أحد يتجرأ عن الكلام و حتى ذلك المواطن البسيط فهو سعيد بالدعم 500درهم.
" Article Title: الزيادات الجديدة في أسعار ""البوطاغاز"" تستنفر مهنيي المقاهي والمطاعم",يبدو أن الحكومة الحالية هدفها الأسمى هو الوصول الا أكبر نسبة للفقراء منذ عهود و هذا سيكون بمثابة إنجاز يحسب لها و لا يجب أن ننسي أن رئيس الحكومة قد سبق و أعلن أنه سيعيد تربية المغاربة بعد حملة المقاطعة التي كانت ناجحة مئة في المئة
" Article Title: الزيادات الجديدة في أسعار ""البوطاغاز"" تستنفر مهنيي المقاهي والمطاعم",في الحقيقة زيادة 10 درهم في البوطا. قليلة ..وهي فرصة لمستعملي البوطا في الأعمال التي تدر دخلا ان يرفعوا من الاسعار و بالتالي ستتضاعف ارباحهم
" Article Title: الزيادات الجديدة في أسعار ""البوطاغاز"" تستنفر مهنيي المقاهي والمطاعم",الزيادات تستنفر اصحاب المقاهي.ا ي تجعلهم ينفخون في النفير ، بدل ان يضيفوا 10 دراهم لمول الحانوت، فهل انا الذي قلت لهم صوتوا على نوش وقبيلة التجمع ومن والاهم !؟
" Article Title: الزيادات الجديدة في أسعار ""البوطاغاز"" تستنفر مهنيي المقاهي والمطاعم",ابتعدوا عن المقاهي وكونوا انفسكم عقليا وجسمانيا بممارسة الرياضة والبحث عن هوايات تنفعكم وقرأة الكتب أو ممارسة رياضة المشي في مجموعات والقيام بنزهات كل هذا يساعدكم على تجنب الإكتائب وكذلك هدر الوقت والمال .
" Article Title: الزيادات الجديدة في أسعار ""البوطاغاز"" تستنفر مهنيي المقاهي والمطاعم",اتمنى من اصحاب هذه التعليقات ماينساوش في الانتخابات المقبلة مافعلته هذه الحكومة من الزيادات المهولة في المحروقات والبوطا..وجميع المصائب الي شفنا معاها….. راه هذه الحكومة ما خصهاش تفلت الكاملة الماجية ديال كاس العالم… والفاهم يفهم….
" Article Title: الزيادات الجديدة في أسعار ""البوطاغاز"" تستنفر مهنيي المقاهي والمطاعم",ياك ارباب المقاهي عاد زادوا فاثمنة كؤوس القهوة والشاي والعصير بأكثر من درهم فما الذي يريدونه هذه المرة؟ هذا عبث وعلى المواطنين مقاطعة هذه المقاهي ولو لاسبوع احتجاجا على جشع ارباب هذه المقاهي و المطاعم.
" Article Title: الزيادات الجديدة في أسعار ""البوطاغاز"" تستنفر مهنيي المقاهي والمطاعم",وتستفز السكان البوادي 5الدراهم زايدة عل الزيادة الحكومة .هل هنا ك من المتابعة .
" Article Title: الزيادات الجديدة في أسعار ""البوطاغاز"" تستنفر مهنيي المقاهي والمطاعم",مصيبة هذه الزيادات. العاطلون والمتقاعدون هم الضحايا.
" Article Title: الزيادات الجديدة في أسعار ""البوطاغاز"" تستنفر مهنيي المقاهي والمطاعم",الزيادة في البوطة خلاتنا نعيقو بالقالب ديال الزواج ، جيث لي مزوجين هما لي غايحسو بالضربة ، تحياتي للمسؤولين عن هذه الزيادة
" Article Title: الزيادات الجديدة في أسعار ""البوطاغاز"" تستنفر مهنيي المقاهي والمطاعم",اكتشاف البترول بتالسينت ،اكتشاف الغاز بجهة الغرب،وووو.انها ياسادة سياسة الالهاء،مكاين والو من هادشي ،كاين غي غلاء المعيشة ،زيادة الفقر
" Article Title: الزيادات الجديدة في أسعار ""البوطاغاز"" تستنفر مهنيي المقاهي والمطاعم",لا أدري ما هو هدف الحكومة الحقيقي، دائما ترفع الدعم عن صندوق المقاصة وتتركنا عرضة الغلاء الشديد بدعوى حرية السوق وقانون العرض والطلب، فلماذا لا ترفع الدعم بصفة نهائية وتتركنا عرضة لمجاعية تأتي على الأخضر واليابس، منذ الصغر ونحن نسمع أن المغرب بلد فلاحي، لكن الواقع هو نفس معيشة المغرب هي الموجودة حاليا في أوروبا، وتيرة الغلاء أصبحت متسارعة منذ 2011، نفس المشروع نفس التوجهات مع اختلاف الحكومات
" Article Title: الزيادات الجديدة في أسعار ""البوطاغاز"" تستنفر مهنيي المقاهي والمطاعم",كولشي غلا .الموظفين زادوهم الاساتدة شبعوهم فلوس و المعاقين و المعطلين و المتشردين هل الدولة تريد إبادة من لا يعتصم ..فقط هبة الدولة على الفقراء اما الموظفين لا هبة لها أمامهم لأنهم يعرفون أسرار الدولة … الفقيهي له الله ..النوت اعدل عدالة بين فلان و علان و بين عزيز و فقير
" Article Title: الزيادات الجديدة في أسعار ""البوطاغاز"" تستنفر مهنيي المقاهي والمطاعم",اسعار المواد الاستهلاكية مرتفعة بدرجات لم يسبق ان شهدتها سابقا ينضاف اليها الارتفاع الذي سيحصل بعد الزيادة الاولى في الغاز وستليها ارتفاعات اخرى خلال السنتين المقبلين برفع الدعم نهائيا عن مواد الطاقة خاصة في جميع مواد التغذية من خبز وخضر وحلويات الفقراء والساندوتشات البسيطة …..الخ فزيادة عشرة دراهم دفعة واحدة خاصة في هذه المادة الحيوية هو ضرب القدرة الشرائية .
" Article Title: الزيادات الجديدة في أسعار ""البوطاغاز"" تستنفر مهنيي المقاهي والمطاعم",الزيادة في سعر البوطا ستنعكس على جميع المواطنين. والمواطن البسيط سيكون اكبر المتضررين…المنتجون واصحاب المخبزات واصحاب المقاهي والمطاعم وكل قطاع يعتمد على البوطا سيضطر اصحابه للزيادة في المنتوج بمبرر الزيادة في سعر البوطا..وستكون الزيادة اضعاف ما تعرفه البوطا..والقاعدة العامة حاليا كل منتوج غلا سعره بسبب الجفاف او الزيادة في المحروقات او غير ذلك يبقى على حاله حتى ولو زالت تلك الاسباب..متاجر الجزارة كمثال غاصة باللحوم لكن السعر بقي على حاله ومرشح للزيادة..انتهى الزمن الجميل وانتهى معه الرخاء …… ولن يعود ابدا….
" Article Title: الزيادات الجديدة في أسعار ""البوطاغاز"" تستنفر مهنيي المقاهي والمطاعم",السلام عليكم . باختصار حسبنا الله ونعم الوكيل في كل من كان سبب في هاذه السياسة الجوفاء والعمياء سنسألهم امام الله عن هاذه التفاعلات هاذه ليست مسؤولية هاذه سياسة غربية
" Article Title: الزيادات الجديدة في أسعار ""البوطاغاز"" تستنفر مهنيي المقاهي والمطاعم",را الضيعات الفلاحية و الشركات لي تكلمتي عليها هي الاولى غتزيد على المواطن فثمن الخضر و الفواكه و الافران غتزيد فثمن المخبوزات. يعني الشعب هو المتضرر الوحيد و ليس الشركات و الضيعات
" Article Title: الزيادات الجديدة في أسعار ""البوطاغاز"" تستنفر مهنيي المقاهي والمطاعم",تكلفة كأس قهوة او براد الشاي مابين 2 درهم و 3 درهم كحد أقصى.ولكم واسع النظر
" Article Title: الزيادات الجديدة في أسعار ""البوطاغاز"" تستنفر مهنيي المقاهي والمطاعم",المغاربة لا يعيشون على الخبز لوحده و تمويل الدعم من جيب مواطن يعيش على حافة الفقر ومستثنى من الدعم يعتبر جريمة في حقه وكان على الحكومة البحث على حلول أخرى دكية وتبتعد عن الحلول الإرتجالية وعن المواد الأساسية للمواطن من مواد إستهلاكية ومحروقات وغيرها ويمكنها خلق ضريبة على الثروة ورفع ضريبة المنازل والأراضي الغير المستغلة والعمل على محاربة التهرب الضريبي في المعاملات العقارية والتجارية وفقط ما يقع من تهرب ضريبي في الموانئ تكفي أمواله لتغطية نفقات هذا الدعم فعشرات الشاحنات والبواخر تغادر الموانئ دون أن تصرح حثى بنصف حمولتها
" Article Title: الزيادات الجديدة في أسعار ""البوطاغاز"" تستنفر مهنيي المقاهي والمطاعم",زيدو فى الضرائب على الشركات والميسورين وخليو البوطا فى ثمنها أم أنها شركاتكم وأنتم الميسورين من تملكونها …
" Article Title: الزيادات الجديدة في أسعار ""البوطاغاز"" تستنفر مهنيي المقاهي والمطاعم",مادام الشعب صامتا صمت اهل القبور عن الزيادات المتتالية فسوف الزيادات دائما مرة فى هذه المادة ومرة فى أخرى حتى يجردو المواطن من كل شئ أما عن الدعم المزعوم فما هو إلا وهم لأن الأغلبية ممنوعون منه وهم من يستحقونه وحتى الدعم وحتى أمو هما فخان لتبرير الزيادات المتتالية … حكومة الإستبداد والتعسف وإغناء العنى وتفقير الفقير … لا أقل ولا أكثر … إنها إعادة التربية يا مغاربة بالحديد والنار … فانتظروا الأسوأ …
" Article Title: الزيادات الجديدة في أسعار ""البوطاغاز"" تستنفر مهنيي المقاهي والمطاعم",في الحقيقة لو كانت الدولة طبقت زيادة 50 سنتيم كل سنة ما كان للمواطن أن يحس بالزيادة إذ لا يعقل أن تباع البوطا بنفس الثمن الذي كانت تباع به في الثمانينات. المشكل المطروح هو أن الظرفية غير مواتية و الكل سيزيد في الثمن لأن الجزار و الخضار و المخبزاتي و الحلاق… هم أيضا سيرفعون ثمن منتوجهم بحجة أنهم هم أيضا غادي يشريو البوطا بزيادة 10 دراهم و عليهم أن يغطو هذه الزيادة بزيادة أسعار سلعهم
" Article Title: الزيادات الجديدة في أسعار ""البوطاغاز"" تستنفر مهنيي المقاهي والمطاعم",نوضوا حيدوا علينا العيد ورجعوا البوطا ل40 درهم كيف ما كانت… راحنا تهلكنا بالغلاء…
" Article Title: الزيادات الجديدة في أسعار ""البوطاغاز"" تستنفر مهنيي المقاهي والمطاعم",ها المؤشر ديال لمعقول بدا يطلع بحال الصاروخ.وا دابا بانت نوايا لحكومة مزياننعطيوكم 500 درهم ونسترجعوها منكم ب 1000 درهم ديطاي .قال لك الدولة الاجتماعية.ممكن دولة اجتماعية لانها غادي تجمع حب وتبن للمغاربة مساكن.
" Article Title: شراكة تجمع مكتب السياحة و""تريب أدفايزر""",عن اي سياحة تتحدثون لقد كنت صباح اليوم امام مقر نارسا بالحي الحسني الألفة لقد هالني العدد الكبير للمواطنين الذين جاءوا لاجتياز امتحان رخصة السياقة و لا وجود لأي مرفق صحي بالقرب من هذه المؤسسة العامة رغم تواجد المئات من الناس يوميا هناك اين مجلس المدينة
